Model,Accuracy,AUC,Precision,Recall,F1,MCC
Logistic Regression,0.8212271973466003,0.7037775163567216,0.7347079037800688,0.4647826086956522,0.5693741677762982,0.48304631216135446
Decision Tree,0.8141514648977336,0.7556218777194056,0.6340407102641836,0.6365217391304347,0.6352788023432415,0.5105871794114232
KNN,0.8269762299613046,0.7497513456022175,0.6845806127574083,0.5926086956521739,0.6352831507807039,0.5249759036455109
Naive Bayes,0.7971254836926479,0.6495096206529797,0.7037686240140227,0.3491304347826087,0.4667247893054345,0.39218207702109753
Random Forest,0.858595909342178,0.7862813033809264,0.7660239708181344,0.6391304347826087,0.696847594216639,0.6098422093027333
XGBoost,0.8728579325594251,0.805872304766816,0.7979274611398963,0.6695652173913044,0.7281323877068558,0.6502179275168063
